timestamp,buy_exchange,sell_exchange,buy_price,sell_price,profit_percent,profit,amount
2021-01-01 03:16:00,coinbase,bitfinex,62779.62,63256.0,0.057010452235346266,1.7984950000000026,0.05
2021-01-01 03:17:00,coinbase,bitfinex,62779.62,63256.0,0.057010452235346266,1.7984950000000026,0.05
2021-01-01 03:18:00,coinbase,bitfinex,62779.62,63256.0,0.057010452235346266,1.7984950000000026,0.05
2021-01-01 03:19:00,coinbase,bitfinex,62779.62,63256.0,0.057010452235346266,1.7984950000000026,0.05
2021-01-01 03:20:00,coinbase,bitfinex,62779.62,63256.0,0.057010452235346266,1.7984950000000026,0.05
2021-01-01 03:21:00,coinbase,bitfinex,62779.62,63256.0,0.057010452235346266,1.7984950000000026,0.05
2021-01-01 03:22:00,coinbase,bitfinex,62779.62,63256.0,0.057010452235346266,1.7984950000000026,0.05
2021-01-01 03:23:00,coinbase,bitfinex,62779.62,63256.0,0.057010452235346266,1.7984950000000026,0.05
2021-01-01 03:24:00,coinbase,bitfinex,62779.62,63256.0,0.057010452235346266,1.7984950000000026,0.05
2021-01-01 03:25:00,coinbase,bitfinex,62779.62,63256.0,0.057010452235346266,1.7984950000000026,0.05
2021-01-01 03:26:00,coinbase,bitfinex,62779.62,63256.0,0.057010452235346266,1.7984950000000026,0.05
2021-01-01 03:27:00,coinbase,bitfinex,62779.62,63256.0,0.057010452235346266,1.7984950000000026,0.05
2021-01-01 03:28:00,coinbase,bitfinex,62779.62,63256.0,0.057010452235346266,1.7984950000000026,0.05
2021-01-01 03:29:00,coinbase,bitfinex,62779.62,63256.0,0.057010452235346266,1.7984950000000026,0.05
2021-01-01 03:30:00,coinbase,bitfinex,62779.62,63256.0,0.057010452235346266,1.7984950000000026,0.05
2021-01-01 03:31:00,coinbase,bitfinex,62779.62,63256.0,0.057010452235346266,1.7984950000000026,0.05
2021-01-01 03:32:00,coinbase,bitfinex,62779.62,63256.0,0.057010452235346266,1.7984950000000026,0.05
2021-01-01 03:33:00,coinbase,bitfinex,62779.62,63256.0,0.057010452235346266,1.7984950000000026,0.05
2021-01-01 03:34:00,coinbase,bitfinex,62779.62,63256.0,0.057010452235346266,1.7984950000000026,0.05
2021-01-01 03:35:00,coinbase,bitfinex,62779.62,63256.0,0.057010452235346266,1.7984950000000026,0.05
2021-01-01 03:36:00,coinbase,bitfinex,62779.62,63256.0,0.057010452235346266,1.7984950000000026,0.05
2021-01-01 03:37:00,coinbase,bitfinex,62779.62,63256.0,0.057010452235346266,1.7984950000000026,0.05
2021-01-01 03:38:00,coinbase,bitfinex,62779.62,63256.0,0.057010452235346266,1.7984950000000026,0.05
2021-01-01 03:39:00,coinbase,bitfinex,62779.62,63256.0,0.057010452235346266,1.7984950000000026,0.05
2021-01-01 03:40:00,coinbase,bitfinex,62779.62,63256.0,0.057010452235346266,1.7984950000000026,0.05
2021-01-01 03:41:00,coinbase,bitfinex,62779.62,63256.0,0.057010452235346266,1.7984950000000026,0.05
2021-01-01 03:42:00,coinbase,bitfinex,62779.62,63256.0,0.057010452235346266,1.7984950000000026,0.05
2021-01-01 03:43:00,coinbase,bitfinex,62779.62,63256.0,0.057010452235346266,1.7984950000000026,0.05
2021-01-01 03:44:00,coinbase,bitfinex,62779.62,63256.0,0.057010452235346266,1.7984950000000026,0.05
2021-01-01 03:45:00,coinbase,bitfinex,62779.62,63256.0,0.057010452235346266,1.7984950000000026,0.05
2021-01-01 03:46:00,coinbase,bitfinex,62779.62,63256.0,0.057010452235346266,1.7984950000000026,0.05
2021-01-01 03:47:00,coinbase,bitfinex,62779.62,63256.0,0.057010452235346266,1.7984950000000026,0.05
2021-01-01 03:48:00,coinbase,bitfinex,62779.62,63256.0,0.057010452235346266,1.7984950000000026,0.05
2021-01-01 03:49:00,coinbase,bitfinex,62779.62,63256.0,0.057010452235346266,1.7984950000000026,0.05
2021-01-01 03:50:00,coinbase,bitfinex,62779.62,63256.0,0.057010452235346266,1.7984950000000026,0.05
2021-01-01 03:51:00,coinbase,bitfinex,62779.62,63256.0,0.057010452235346266,1.7984950000000026,0.05
2021-01-01 03:52:00,coinbase,bitfinex,62779.62,63256.0,0.057010452235346266,1.7984950000000026,0.05
2021-01-01 03:53:00,coinbase,bitfinex,62779.62,63256.0,0.057010452235346266,1.7984950000000026,0.05
2021-01-01 03:54:00,coinbase,bitfinex,62779.62,63256.0,0.057010452235346266,1.7984950000000026,0.05
2021-01-01 03:55:00,coinbase,bitfinex,62779.62,63256.0,0.057010452235346266,1.7984950000000026,0.05
2021-01-01 03:56:00,coinbase,bitfinex,62779.62,63256.0,0.057010452235346266,1.7984950000000026,0.05
2021-01-01 03:57:00,coinbase,bitfinex,62779.62,63256.0,0.057010452235346266,1.7984950000000026,0.05
2021-01-01 03:58:00,coinbase,bitfinex,62779.62,63256.0,0.057010452235346266,1.7984950000000026,0.05
2021-01-01 03:59:00,coinbase,bitfinex,62779.62,63256.0,0.057010452235346266,1.7984950000000026,0.05
2021-01-01 04:00:00,coinbase,bitfinex,62779.62,63256.0,0.057010452235346266,1.7984950000000026,0.05
2021-01-01 04:01:00,coinbase,bitfinex,62779.62,63256.0,0.057010452235346266,1.7984950000000026,0.05
2021-01-01 04:02:00,coinbase,bitfinex,62779.62,63256.0,0.057010452235346266,1.7984950000000026,0.05
2021-01-01 04:03:00,coinbase,bitfinex,62779.62,63256.0,0.057010452235346266,1.7984950000000026,0.05
2021-01-01 04:04:00,coinbase,bitfinex,62779.62,63256.0,0.057010452235346266,1.7984950000000026,0.05
2021-01-01 04:05:00,coinbase,bitfinex,62779.62,63256.0,0.057010452235346266,1.7984950000000026,0.05
2021-01-01 04:06:00,coinbase,bitfinex,62779.62,63256.0,0.057010452235346266,1.7984950000000026,0.05
2021-01-01 04:07:00,coinbase,bitfinex,62779.62,63256.0,0.057010452235346266,1.7984950000000026,0.05
2021-01-01 04:08:00,coinbase,bitfinex,62779.62,63256.0,0.057010452235346266,1.7984950000000026,0.05
2021-01-01 04:09:00,coinbase,bitfinex,62779.62,63256.0,0.057010452235346266,1.7984950000000026,0.05
2021-01-01 04:10:00,coinbase,bitfinex,62779.62,63256.0,0.057010452235346266,1.7984950000000026,0.05
2021-01-01 04:11:00,coinbase,bitfinex,62779.62,63256.0,0.057010452235346266,1.7984950000000026,0.05
2021-01-01 04:12:00,coinbase,bitfinex,62779.62,63256.0,0.057010452235346266,1.7984950000000026,0.05
2021-01-01 04:13:00,coinbase,bitfinex,62779.62,63256.0,0.057010452235346266,1.7984950000000026,0.05
2021-01-01 04:14:00,coinbase,bitfinex,62779.62,63256.0,0.057010452235346266,1.7984950000000026,0.05
2021-01-01 04:15:00,coinbase,bitfinex,62779.62,63256.0,0.057010452235346266,1.7984950000000026,0.05
2021-01-01 04:16:00,coinbase,bitfinex,62779.62,63256.0,0.057010452235346266,1.7984950000000026,0.05
2021-01-01 04:17:00,coinbase,bitfinex,62779.62,63256.0,0.057010452235346266,1.7984950000000026,0.05
2021-01-01 04:18:00,coinbase,bitfinex,62779.62,63256.0,0.057010452235346266,1.7984950000000026,0.05
2021-01-01 04:19:00,coinbase,bitfinex,62779.62,63256.0,0.057010452235346266,1.7984950000000026,0.05
2021-01-01 04:20:00,coinbase,bitfinex,62779.62,63256.0,0.057010452235346266,1.7984950000000026,0.05
2021-01-01 04:21:00,coinbase,bitfinex,62779.62,63256.0,0.057010452235346266,1.7984950000000026,0.05
2021-01-01 04:22:00,coinbase,bitfinex,62779.62,63256.0,0.057010452235346266,1.7984950000000026,0.05
2021-01-01 04:23:00,coinbase,bitfinex,62779.62,63256.0,0.057010452235346266,1.7984950000000026,0.05
2021-01-01 04:24:00,coinbase,bitfinex,62779.62,63256.0,0.057010452235346266,1.7984950000000026,0.05
2021-01-01 04:25:00,coinbase,bitfinex,62779.62,63256.0,0.057010452235346266,1.7984950000000026,0.05
2021-01-01 04:26:00,coinbase,bitfinex,62779.62,63256.0,0.057010452235346266,1.7984950000000026,0.05
2021-01-01 04:27:00,coinbase,bitfinex,62779.62,63256.0,0.057010452235346266,1.7984950000000026,0.05
2021-01-01 04:28:00,coinbase,bitfinex,62779.62,63256.0,0.057010452235346266,1.7984950000000026,0.05
2021-01-01 04:29:00,coinbase,bitfinex,62779.62,63256.0,0.057010452235346266,1.7984950000000026,0.05
2021-01-01 04:30:00,coinbase,bitfinex,62779.62,63256.0,0.057010452235346266,1.7984950000000026,0.05
2021-01-01 04:31:00,coinbase,bitfinex,62779.62,63256.0,0.057010452235346266,1.7984950000000026,0.05
2021-01-01 04:32:00,coinbase,bitfinex,62779.63,63256.0,0.05699451442074472,1.7979925000004187,0.05
2021-01-01 04:33:00,coinbase,bitfinex,62779.63,63256.0,0.05699451442074472,1.7979925000004187,0.05
2021-01-01 04:34:00,coinbase,bitfinex,62779.63,63256.0,0.05699451442074472,1.7979925000004187,0.05
2021-01-01 04:35:00,coinbase,bitfinex,62779.63,63256.0,0.05699451442074472,1.7979925000004187,0.05
2021-01-01 04:36:00,coinbase,bitfinex,62779.63,63256.0,0.05699451442074472,1.7979925000004187,0.05
2021-01-01 04:37:00,coinbase,bitfinex,62779.63,63256.0,0.05699451442074472,1.7979925000004187,0.05
2021-01-01 04:38:00,coinbase,bitfinex,62779.63,63256.0,0.05699451442074472,1.7979925000004187,0.05
2021-01-01 04:39:00,coinbase,bitfinex,62779.63,63256.0,0.05699451442074472,1.7979925000004187,0.05
2021-01-01 04:40:00,coinbase,bitfinex,62779.63,63256.0,0.05699451442074472,1.7979925000004187,0.05
2021-01-01 04:41:00,coinbase,bitfinex,62779.63,63256.0,0.05699451442074472,1.7979925000004187,0.05
2021-01-01 04:42:00,coinbase,bitfinex,62779.63,63256.0,0.05699451442074472,1.7979925000004187,0.05
2021-01-01 04:43:00,coinbase,bitfinex,62779.63,63256.0,0.05699451442074472,1.7979925000004187,0.05
2021-01-01 04:44:00,coinbase,bitfinex,62779.63,63256.0,0.05699451442074472,1.7979925000004187,0.05
2021-01-01 04:45:00,coinbase,bitfinex,62779.63,63256.0,0.05699451442074472,1.7979925000004187,0.05
2021-01-01 04:46:00,coinbase,bitfinex,62779.63,63256.0,0.05699451442074472,1.7979925000004187,0.05
2021-01-01 04:47:00,coinbase,bitfinex,62779.63,63256.0,0.05699451442074472,1.7979925000004187,0.05
2021-01-01 04:48:00,coinbase,bitfinex,62779.63,63256.0,0.05699451442074472,1.7979925000004187,0.05
2021-01-01 04:49:00,coinbase,bitfinex,62779.63,63256.0,0.05699451442074472,1.7979925000004187,0.05
2021-01-01 04:50:00,coinbase,bitfinex,62779.63,63256.0,0.05699451442074472,1.7979925000004187,0.05
2021-01-01 04:51:00,coinbase,bitfinex,62780.59,63256.0,0.055464507857665275,1.7497525000003407,0.05
2021-01-01 04:52:00,coinbase,bitfinex,62780.59,63256.0,0.055464507857665275,1.7497525000003407,0.05
2021-01-01 04:53:00,coinbase,bitfinex,62780.59,63256.0,0.055464507857665275,1.7497525000003407,0.05
2021-01-01 04:54:00,coinbase,bitfinex,62780.59,63256.0,0.055464507857665275,1.7497525000003407,0.05
2021-01-01 04:55:00,coinbase,bitfinex,62780.59,63256.0,0.055464507857665275,1.7497525000003407,0.05
2021-01-01 04:56:00,coinbase,bitfinex,62780.59,63256.0,0.055464507857665275,1.7497525000003407,0.05
2021-01-01 04:57:00,coinbase,bitfinex,62780.59,63256.0,0.055464507857665275,1.7497525000003407,0.05
2021-01-01 04:58:00,coinbase,bitfinex,62780.59,63256.0,0.055464507857665275,1.7497525000003407,0.05
2021-01-01 04:59:00,coinbase,bitfinex,62780.59,63256.0,0.055464507857665275,1.7497525000003407,0.05
2021-01-01 05:00:00,coinbase,bitfinex,62780.59,63256.0,0.055464507857665275,1.7497525000003407,0.05
2021-01-01 05:01:00,coinbase,bitfinex,62780.59,63256.0,0.055464507857665275,1.7497525000003407,0.05
2021-01-01 05:02:00,coinbase,bitfinex,62780.59,63256.0,0.055464507857665275,1.7497525000003407,0.05
2021-01-01 05:03:00,coinbase,bitfinex,62780.59,63256.0,0.055464507857665275,1.7497525000003407,0.05
2021-01-01 05:04:00,coinbase,bitfinex,62780.59,63256.0,0.055464507857665275,1.7497525000003407,0.05
2021-01-01 05:05:00,coinbase,bitfinex,62780.59,63256.0,0.055464507857665275,1.7497525000003407,0.05
2021-01-01 05:06:00,coinbase,bitfinex,62780.59,63256.0,0.055464507857665275,1.7497525000003407,0.05
2021-01-01 05:07:00,coinbase,bitfinex,62780.59,63256.0,0.055464507857665275,1.7497525000003407,0.05
2021-01-01 05:08:00,coinbase,bitfinex,62780.59,63256.0,0.055464507857665275,1.7497525000003407,0.05
2021-01-01 05:09:00,coinbase,bitfinex,62779.38,63256.0,0.05739296130933649,1.8105550000004769,0.05
2021-01-01 05:10:00,coinbase,bitfinex,62779.38,63256.0,0.05739296130933649,1.8105550000004769,0.05
2021-01-01 05:11:00,coinbase,bitfinex,62779.38,63256.0,0.05739296130933649,1.8105550000004769,0.05
2021-01-01 05:12:00,coinbase,bitfinex,62779.38,63256.0,0.05739296130933649,1.8105550000004769,0.05
2021-01-01 05:13:00,coinbase,bitfinex,62779.38,63256.0,0.05739296130933649,1.8105550000004769,0.05
2021-01-01 05:14:00,coinbase,bitfinex,62779.38,63256.0,0.05739296130933649,1.8105550000004769,0.05
2021-01-01 05:15:00,coinbase,bitfinex,62779.38,63256.0,0.05739296130933649,1.8105550000004769,0.05
2021-01-01 05:16:00,coinbase,bitfinex,62779.38,63256.0,0.05739296130933649,1.8105550000004769,0.05
2021-01-01 05:17:00,coinbase,bitfinex,62779.38,63256.0,0.05739296130933649,1.8105550000004769,0.05
2021-01-01 05:18:00,coinbase,bitfinex,62779.38,63256.0,0.05739296130933649,1.8105550000004769,0.05
2021-01-01 05:19:00,coinbase,bitfinex,62779.38,63256.0,0.05739296130933649,1.8105550000004769,0.05
2021-01-01 05:20:00,coinbase,bitfinex,62779.38,63256.0,0.05739296130933649,1.8105550000004769,0.05
2021-01-01 05:21:00,coinbase,bitfinex,62779.38,63256.0,0.05739296130933649,1.8105550000004769,0.05
2021-01-01 05:22:00,coinbase,bitfinex,62779.38,63256.0,0.05739296130933649,1.8105550000004769,0.05
2021-01-01 05:23:00,coinbase,bitfinex,62779.38,63256.0,0.05739296130933649,1.8105550000004769,0.05
2021-01-01 05:24:00,coinbase,bitfinex,62779.38,63256.0,0.05739296130933649,1.8105550000004769,0.05
2021-01-01 05:25:00,coinbase,bitfinex,62779.38,63256.0,0.05739296130933649,1.8105550000004769,0.05
2021-01-01 05:26:00,coinbase,bitfinex,62779.38,63256.0,0.05739296130933649,1.8105550000004769,0.05
2021-01-01 05:27:00,coinbase,bitfinex,62779.38,63256.0,0.05739296130933649,1.8105550000004769,0.05
2021-01-01 05:28:00,coinbase,bitfinex,62779.38,63256.0,0.05739296130933649,1.8105550000004769,0.05
2021-01-01 05:29:00,coinbase,bitfinex,62779.38,63256.0,0.05739296130933649,1.8105550000004769,0.05
2021-01-01 05:30:00,coinbase,bitfinex,62779.38,63256.0,0.05739296130933649,1.8105550000004769,0.05
2021-01-01 05:31:00,coinbase,bitfinex,62779.38,63256.0,0.05739296130933649,1.8105550000004769,0.05
2021-01-01 05:32:00,coinbase,bitfinex,62779.38,63256.0,0.05739296130933649,1.8105550000004769,0.05
2021-01-01 05:33:00,coinbase,bitfinex,62779.38,63256.0,0.05739296130933649,1.8105550000004769,0.05
2021-01-01 05:34:00,coinbase,bitfinex,62779.38,63256.0,0.05739296130933649,1.8105550000004769,0.05
2021-01-01 05:35:00,coinbase,bitfinex,62779.38,63256.0,0.05739296130933649,1.8105550000004769,0.05
2021-01-01 05:36:00,coinbase,bitfinex,62779.38,63256.0,0.05739296130933649,1.8105550000004769,0.05
2021-01-01 05:37:00,coinbase,bitfinex,62779.38,63256.0,0.05739296130933649,1.8105550000004769,0.05
2021-01-01 05:38:00,coinbase,bitfinex,62779.38,63256.0,0.05739296130933649,1.8105550000004769,0.05
2021-01-01 05:39:00,coinbase,bitfinex,62779.38,63256.0,0.05739296130933649,1.8105550000004769,0.05
2021-01-01 05:40:00,coinbase,bitfinex,62779.38,63256.0,0.05739296130933649,1.8105550000004769,0.05
2021-01-01 05:41:00,coinbase,bitfinex,62779.38,63256.0,0.05739296130933649,1.8105550000004769,0.05
2021-01-01 05:42:00,coinbase,bitfinex,62779.38,63256.0,0.05739296130933649,1.8105550000004769,0.05
2021-01-01 05:43:00,coinbase,bitfinex,62779.38,63256.0,0.05739296130933649,1.8105550000004769,0.05
2021-01-01 05:44:00,coinbase,bitfinex,62779.38,63256.0,0.05739296130933649,1.8105550000004769,0.05
2021-01-01 05:45:00,coinbase,bitfinex,62779.38,63256.0,0.05739296130933649,1.8105550000004769,0.05
2021-01-01 05:46:00,coinbase,bitfinex,62779.38,63256.0,0.05739296130933649,1.8105550000004769,0.05
2021-01-01 05:47:00,coinbase,bitfinex,62779.38,63256.0,0.05739296130933649,1.8105550000004769,0.05
2021-01-01 05:48:00,coinbase,bitfinex,62779.38,63256.0,0.05739296130933649,1.8105550000004769,0.05
2021-01-01 05:49:00,coinbase,bitfinex,62779.38,63256.0,0.05739296130933649,1.8105550000004769,0.05
2021-01-01 05:50:00,coinbase,bitfinex,62779.38,63256.0,0.05739296130933649,1.8105550000004769,0.05
2021-01-01 05:51:00,coinbase,bitfinex,62779.38,63256.0,0.05739296130933649,1.8105550000004769,0.05
2021-01-01 05:52:00,coinbase,bitfinex,62779.38,63256.0,0.05739296130933649,1.8105550000004769,0.05
2021-01-01 05:53:00,coinbase,bitfinex,62779.38,63256.0,0.05739296130933649,1.8105550000004769,0.05
2021-01-01 05:54:00,coinbase,bitfinex,62779.38,63256.0,0.05739296130933649,1.8105550000004769,0.05
2021-01-01 05:55:00,coinbase,bitfinex,62779.38,63256.0,0.05739296130933649,1.8105550000004769,0.05
2021-01-01 05:56:00,coinbase,bitfinex,62779.38,63256.0,0.05739296130933649,1.8105550000004769,0.05
2021-01-01 05:57:00,coinbase,bitfinex,62779.38,63256.0,0.05739296130933649,1.8105550000004769,0.05
2021-01-01 05:58:00,coinbase,bitfinex,62779.38,63256.0,0.05739296130933649,1.8105550000004769,0.05
2021-01-01 05:59:00,coinbase,bitfinex,62779.38,63256.0,0.05739296130933649,1.8105550000004769,0.05
2021-01-01 06:00:00,coinbase,bitfinex,62779.38,63256.0,0.05739296130933649,1.8105550000004769,0.05
2021-01-01 06:01:00,coinbase,bitfinex,62779.38,63256.0,0.05739296130933649,1.8105550000004769,0.05
2021-01-01 06:02:00,coinbase,bitfinex,62779.38,63256.0,0.05739296130933649,1.8105550000004769,0.05
2021-01-01 06:03:00,coinbase,bitfinex,62779.38,63256.0,0.05739296130933649,1.8105550000004769,0.05
2021-01-01 06:04:00,coinbase,bitfinex,62779.38,63256.0,0.05739296130933649,1.8105550000004769,0.05
2021-01-01 06:05:00,coinbase,bitfinex,62779.38,63256.0,0.05739296130933649,1.8105550000004769,0.05
2021-01-01 06:06:00,coinbase,bitfinex,62779.38,63256.0,0.05739296130933649,1.8105550000004769,0.05
2021-01-01 06:07:00,coinbase,bitfinex,62779.38,63256.0,0.05739296130933649,1.8105550000004769,0.05
2021-01-01 06:08:00,coinbase,bitfinex,62779.38,63256.0,0.05739296130933649,1.8105550000004769,0.05
2021-01-01 06:09:00,coinbase,bitfinex,62779.38,63256.0,0.05739296130933649,1.8105550000004769,0.05
2021-01-01 06:10:00,coinbase,bitfinex,62779.38,63256.0,0.05739296130933649,1.8105550000004769,0.05
2021-01-01 06:11:00,coinbase,bitfinex,62779.38,63256.0,0.05739296130933649,1.8105550000004769,0.05
2021-01-01 06:12:00,coinbase,bitfinex,62779.38,63256.0,0.05739296130933649,1.8105550000004769,0.05
2021-01-01 06:13:00,coinbase,bitfinex,62779.38,63256.0,0.05739296130933649,1.8105550000004769,0.05
2021-01-01 06:14:00,coinbase,bitfinex,62779.38,63256.0,0.05739296130933649,1.8105550000004769,0.05
2021-01-01 06:15:00,coinbase,bitfinex,62779.38,63256.0,0.05739296130933649,1.8105550000004769,0.05
2021-01-01 06:16:00,coinbase,bitfinex,62779.38,63256.0,0.05739296130933649,1.8105550000004769,0.05
2021-01-01 06:17:00,coinbase,bitfinex,62779.38,63256.0,0.05739296130933649,1.8105550000004769,0.05
2021-01-01 06:18:00,coinbase,bitfinex,62779.38,63256.0,0.05739296130933649,1.8105550000004769,0.05
2021-01-01 06:19:00,coinbase,bitfinex,62779.38,63256.0,0.05739296130933649,1.8105550000004769,0.05
2021-01-01 06:20:00,coinbase,bitfinex,62779.38,63256.0,0.05739296130933649,1.8105550000004769,0.05
2021-01-01 06:21:00,coinbase,bitfinex,62779.38,63256.0,0.05739296130933649,1.8105550000004769,0.05
2021-01-01 06:22:00,coinbase,bitfinex,62779.38,63256.0,0.05739296130933649,1.8105550000004769,0.05
2021-01-01 06:23:00,coinbase,bitfinex,62779.38,63256.0,0.05739296130933649,1.8105550000004769,0.05
2021-01-01 06:24:00,coinbase,bitfinex,62779.38,63256.0,0.05739296130933649,1.8105550000004769,0.05
2021-01-01 06:25:00,coinbase,bitfinex,62779.38,63256.0,0.05739296130933649,1.8105550000004769,0.05
2021-01-01 06:26:00,coinbase,bitfinex,62779.38,63256.0,0.05739296130933649,1.8105550000004769,0.05
2021-01-01 06:27:00,coinbase,bitfinex,62779.38,63256.0,0.05739296130933649,1.8105550000004769,0.05
2021-01-01 06:28:00,coinbase,bitfinex,62779.38,63256.0,0.05739296130933649,1.8105550000004769,0.05
2021-01-01 06:29:00,coinbase,bitfinex,62779.38,63256.0,0.05739296130933649,1.8105550000004769,0.05
2021-01-01 06:30:00,coinbase,bitfinex,62779.38,63256.0,0.05739296130933649,1.8105550000004769,0.05
2021-01-01 06:31:00,coinbase,bitfinex,62779.38,63256.0,0.05739296130933649,1.8105550000004769,0.05
2021-01-01 06:32:00,coinbase,bitfinex,62779.38,63256.0,0.05739296130933649,1.8105550000004769,0.05
2021-01-01 06:33:00,coinbase,bitfinex,62779.38,63256.0,0.05739296130933649,1.8105550000004769,0.05
2021-01-01 06:34:00,coinbase,bitfinex,62779.38,63256.0,0.05739296130933649,1.8105550000004769,0.05
2021-01-01 06:35:00,coinbase,bitfinex,62779.38,63256.0,0.05739296130933649,1.8105550000004769,0.05
2021-01-01 06:36:00,coinbase,bitfinex,62779.38,63256.0,0.05739296130933649,1.8105550000004769,0.05
2021-01-01 06:37:00,coinbase,bitfinex,62779.38,63256.0,0.05739296130933649,1.8105550000004769,0.05
2021-01-01 06:38:00,coinbase,bitfinex,62779.38,63256.0,0.05739296130933649,1.8105550000004769,0.05
2021-01-01 06:39:00,coinbase,bitfinex,62779.38,63256.0,0.05739296130933649,1.8105550000004769,0.05
2021-01-01 06:40:00,coinbase,bitfinex,62779.38,63256.0,0.05739296130933649,1.8105550000004769,0.05
2021-01-01 06:41:00,coinbase,bitfinex,62779.38,63256.0,0.05739296130933649,1.8105550000004769,0.05
2021-01-01 06:42:00,coinbase,bitfinex,62779.38,63256.0,0.05739296130933649,1.8105550000004769,0.05
2021-01-01 06:43:00,coinbase,bitfinex,62779.38,63256.0,0.05739296130933649,1.8105550000004769,0.05
2021-01-01 06:44:00,coinbase,bitfinex,62779.38,63256.0,0.05739296130933649,1.8105550000004769,0.05
2021-01-01 06:45:00,coinbase,bitfinex,62779.38,63256.0,0.05739296130933649,1.8105550000004769,0.05
2021-01-01 06:46:00,coinbase,bitfinex,62779.38,63256.0,0.05739296130933649,1.8105550000004769,0.05
2021-01-01 06:47:00,coinbase,bitfinex,62779.38,63256.0,0.05739296130933649,1.8105550000004769,0.05
2021-01-01 06:48:00,coinbase,bitfinex,62779.38,63256.0,0.05739296130933649,1.8105550000004769,0.05
2021-01-01 06:49:00,coinbase,bitfinex,62779.38,63256.0,0.05739296130933649,1.8105550000004769,0.05
2021-01-01 06:50:00,coinbase,bitfinex,62779.38,63256.0,0.05739296130933649,1.8105550000004769,0.05
2021-01-01 06:51:00,coinbase,bitfinex,62779.38,63256.0,0.05739296130933649,1.8105550000004769,0.05
2021-01-01 06:52:00,coinbase,bitfinex,62779.38,63256.0,0.05739296130933649,1.8105550000004769,0.05
2021-01-01 06:53:00,coinbase,bitfinex,62779.38,63256.0,0.05739296130933649,1.8105550000004769,0.05
2021-01-01 06:54:00,coinbase,bitfinex,62779.38,63256.0,0.05739296130933649,1.8105550000004769,0.05
2021-01-01 06:55:00,coinbase,bitfinex,62779.38,63256.0,0.05739296130933649,1.8105550000004769,0.05
2021-01-01 06:56:00,coinbase,bitfinex,62779.38,63256.0,0.05739296130933649,1.8105550000004769,0.05
2021-01-01 06:57:00,coinbase,bitfinex,62779.38,63256.0,0.05739296130933649,1.8105550000004769,0.05
2021-01-01 06:58:00,coinbase,bitfinex,62779.38,63256.0,0.05739296130933649,1.8105550000004769,0.05
2021-01-01 06:59:00,coinbase,bitfinex,62779.38,63256.0,0.05739296130933649,1.8105550000004769,0.05
2021-01-01 07:00:00,coinbase,bitfinex,62779.38,63256.0,0.05739296130933649,1.8105550000004769,0.05
2021-01-01 07:01:00,coinbase,bitfinex,62779.38,63256.0,0.05739296130933649,1.8105550000004769,0.05
2021-01-01 07:02:00,coinbase,bitfinex,62779.37,63256.0,0.05740889925087342,1.8110575000000608,0.05
2021-01-01 07:03:00,coinbase,bitfinex,62779.37,63256.0,0.05740889925087342,1.8110575000000608,0.05
2021-01-01 07:04:00,coinbase,bitfinex,62779.37,63256.0,0.05740889925087342,1.8110575000000608,0.05
2021-01-01 07:05:00,coinbase,bitfinex,62779.37,63256.0,0.05740889925087342,1.8110575000000608,0.05
2021-01-01 07:06:00,coinbase,bitfinex,62779.37,63256.0,0.05740889925087342,1.8110575000000608,0.05
2021-01-01 07:07:00,coinbase,bitfinex,62779.37,63256.0,0.05740889925087342,1.8110575000000608,0.05
2021-01-01 07:08:00,coinbase,bitfinex,62779.37,63256.0,0.05740889925087342,1.8110575000000608,0.05
2021-01-01 07:09:00,coinbase,bitfinex,62779.37,63256.0,0.05740889925087342,1.8110575000000608,0.05
2021-01-01 07:10:00,coinbase,bitfinex,62779.37,63256.0,0.05740889925087342,1.8110575000000608,0.05
2021-01-01 07:11:00,coinbase,bitfinex,62779.37,63256.0,0.05740889925087342,1.8110575000000608,0.05
2021-01-01 07:12:00,coinbase,bitfinex,62779.37,63256.0,0.05740889925087342,1.8110575000000608,0.05
2021-01-01 07:13:00,coinbase,bitfinex,62779.37,63256.0,0.05740889925087342,1.8110575000000608,0.05
2021-01-01 07:14:00,coinbase,bitfinex,62779.37,63256.0,0.05740889925087342,1.8110575000000608,0.05
2021-01-01 07:15:00,coinbase,bitfinex,62779.37,63256.0,0.05740889925087342,1.8110575000000608,0.05
2021-01-01 07:16:00,coinbase,bitfinex,62779.37,63256.0,0.05740889925087342,1.8110575000000608,0.05
2021-01-01 07:17:00,coinbase,bitfinex,62779.37,63256.0,0.05740889925087342,1.8110575000000608,0.05
2021-01-01 07:18:00,coinbase,bitfinex,62779.37,63256.0,0.05740889925087342,1.8110575000000608,0.05
2021-01-01 07:19:00,coinbase,bitfinex,62779.37,63256.0,0.05740889925087342,1.8110575000000608,0.05
2021-01-01 07:20:00,coinbase,bitfinex,62779.37,63256.0,0.05740889925087342,1.8110575000000608,0.05
2021-01-01 07:21:00,coinbase,bitfinex,62779.37,63256.0,0.05740889925087342,1.8110575000000608,0.05
2021-01-01 07:22:00,coinbase,bitfinex,62779.37,63256.0,0.05740889925087342,1.8110575000000608,0.05
2021-01-01 07:23:00,coinbase,bitfinex,62779.37,63256.0,0.05740889925087342,1.8110575000000608,0.05
2021-01-01 07:24:00,coinbase,bitfinex,62779.37,63256.0,0.05740889925087342,1.8110575000000608,0.05
2021-01-01 07:25:00,coinbase,bitfinex,62779.37,63256.0,0.05740889925087342,1.8110575000000608,0.05
2021-01-01 07:26:00,coinbase,bitfinex,62779.37,63256.0,0.05740889925087342,1.8110575000000608,0.05
2021-01-01 07:27:00,coinbase,bitfinex,62779.37,63256.0,0.05740889925087342,1.8110575000000608,0.05
2021-01-01 07:28:00,coinbase,bitfinex,62779.37,63256.0,0.05740889925087342,1.8110575000000608,0.05
2021-01-01 07:29:00,coinbase,bitfinex,62779.37,63256.0,0.05740889925087342,1.8110575000000608,0.05
2021-01-01 07:30:00,coinbase,bitfinex,62779.37,63256.0,0.05740889925087342,1.8110575000000608,0.05
2021-01-01 07:31:00,coinbase,bitfinex,62779.37,63256.0,0.05740889925087342,1.8110575000000608,0.05
2021-01-01 07:32:00,coinbase,bitfinex,62779.37,63256.0,0.05740889925087342,1.8110575000000608,0.05
2021-01-01 07:33:00,coinbase,bitfinex,62779.37,63256.0,0.05740889925087342,1.8110575000000608,0.05
2021-01-01 07:34:00,coinbase,bitfinex,62779.37,63256.0,0.05740889925087342,1.8110575000000608,0.05
2021-01-01 07:35:00,coinbase,bitfinex,62779.37,63256.0,0.05740889925087342,1.8110575000000608,0.05
2021-01-01 07:36:00,coinbase,bitfinex,62779.37,63256.0,0.05740889925087342,1.8110575000000608,0.05
2021-01-01 07:37:00,coinbase,bitfinex,62779.37,63256.0,0.05740889925087342,1.8110575000000608,0.05
2021-01-01 07:38:00,coinbase,bitfinex,62779.37,63256.0,0.05740889925087342,1.8110575000000608,0.05
2021-01-01 07:39:00,coinbase,bitfinex,62779.37,63256.0,0.05740889925087342,1.8110575000000608,0.05
2021-01-01 07:40:00,coinbase,bitfinex,62779.38,63256.0,0.05739296130933649,1.8105550000004769,0.05
2021-01-01 07:41:00,coinbase,bitfinex,62779.38,63256.0,0.05739296130933649,1.8105550000004769,0.05
2021-01-01 07:42:00,coinbase,bitfinex,62779.38,63256.0,0.05739296130933649,1.8105550000004769,0.05
2021-01-01 07:43:00,coinbase,bitfinex,62779.38,63256.0,0.05739296130933649,1.8105550000004769,0.05
2021-01-01 07:44:00,coinbase,bitfinex,62779.38,63256.0,0.05739296130933649,1.8105550000004769,0.05
2021-01-01 07:45:00,coinbase,bitfinex,62779.38,63256.0,0.05739296130933649,1.8105550000004769,0.05
2021-01-01 07:46:00,coinbase,bitfinex,62779.38,63256.0,0.05739296130933649,1.8105550000004769,0.05
2021-01-01 07:47:00,coinbase,bitfinex,62779.38,63256.0,0.05739296130933649,1.8105550000004769,0.05
2021-01-01 07:48:00,coinbase,bitfinex,62779.38,63256.0,0.05739296130933649,1.8105550000004769,0.05
2021-01-01 07:49:00,coinbase,bitfinex,62779.38,63256.0,0.05739296130933649,1.8105550000004769,0.05
2021-01-01 07:50:00,coinbase,bitfinex,62779.38,63256.0,0.05739296130933649,1.8105550000004769,0.05
2021-01-01 07:51:00,coinbase,bitfinex,62779.38,63256.0,0.05739296130933649,1.8105550000004769,0.05
2021-01-01 07:52:00,coinbase,bitfinex,62779.38,63256.0,0.05739296130933649,1.8105550000004769,0.05
2021-01-01 07:53:00,coinbase,bitfinex,62779.38,63256.0,0.05739296130933649,1.8105550000004769,0.05
2021-01-01 07:54:00,coinbase,bitfinex,62779.38,63256.0,0.05739296130933649,1.8105550000004769,0.05
2021-01-01 07:55:00,coinbase,bitfinex,62779.38,63256.0,0.05739296130933649,1.8105550000004769,0.05
2021-01-01 07:56:00,coinbase,bitfinex,62779.38,63256.0,0.05739296130933649,1.8105550000004769,0.05
2021-01-01 07:57:00,coinbase,bitfinex,62779.38,63256.0,0.05739296130933649,1.8105550000004769,0.05
2021-01-01 07:58:00,coinbase,bitfinex,62779.38,63256.0,0.05739296130933649,1.8105550000004769,0.05
2021-01-01 07:59:00,coinbase,bitfinex,62779.38,63256.0,0.05739296130933649,1.8105550000004769,0.05
2021-01-01 08:00:00,coinbase,bitfinex,62779.38,63256.0,0.05739296130933649,1.8105550000004769,0.05
2021-01-01 08:01:00,coinbase,bitfinex,62779.38,63256.0,0.05739296130933649,1.8105550000004769,0.05
2021-01-01 08:02:00,coinbase,bitfinex,62779.38,63256.0,0.05739296130933649,1.8105550000004769,0.05
2021-01-01 08:03:00,coinbase,bitfinex,62779.38,63256.0,0.05739296130933649,1.8105550000004769,0.05
2021-01-01 08:04:00,coinbase,bitfinex,62779.38,63256.0,0.05739296130933649,1.8105550000004769,0.05
2021-01-01 08:05:00,coinbase,bitfinex,62779.38,63256.0,0.05739296130933649,1.8105550000004769,0.05
2021-01-01 08:06:00,coinbase,bitfinex,62779.38,63256.0,0.05739296130933649,1.8105550000004769,0.05
2021-01-01 08:07:00,coinbase,bitfinex,62779.38,63256.0,0.05739296130933649,1.8105550000004769,0.05
2021-01-01 08:08:00,coinbase,bitfinex,62779.38,63256.0,0.05739296130933649,1.8105550000004769,0.05
2021-01-01 08:09:00,coinbase,bitfinex,62779.38,63256.0,0.05739296130933649,1.8105550000004769,0.05
2021-01-01 08:10:00,coinbase,bitfinex,62779.38,63256.0,0.05739296130933649,1.8105550000004769,0.05
2021-01-01 08:11:00,coinbase,bitfinex,62779.38,63256.0,0.05739296130933649,1.8105550000004769,0.05
2021-01-01 08:12:00,coinbase,bitfinex,62779.38,63256.0,0.05739296130933649,1.8105550000004769,0.05
2021-01-01 08:13:00,coinbase,bitfinex,62779.38,63256.0,0.05739296130933649,1.8105550000004769,0.05
2021-01-01 08:14:00,coinbase,bitfinex,62779.38,63256.0,0.05739296130933649,1.8105550000004769,0.05
2021-01-01 08:15:00,coinbase,bitfinex,62779.38,63256.0,0.05739296130933649,1.8105550000004769,0.05
2021-01-01 08:16:00,coinbase,bitfinex,62779.38,63256.0,0.05739296130933649,1.8105550000004769,0.05
2021-01-01 08:17:00,coinbase,bitfinex,62779.38,63256.0,0.05739296130933649,1.8105550000004769,0.05
2021-01-01 08:18:00,coinbase,bitfinex,62779.38,63256.0,0.05739296130933649,1.8105550000004769,0.05
2021-01-01 08:19:00,coinbase,bitfinex,62779.38,63256.0,0.05739296130933649,1.8105550000004769,0.05
2021-01-01 08:20:00,coinbase,bitfinex,62779.38,63256.0,0.05739296130933649,1.8105550000004769,0.05
2021-01-01 08:21:00,coinbase,bitfinex,62779.38,63256.0,0.05739296130933649,1.8105550000004769,0.05
2021-01-01 08:22:00,coinbase,bitfinex,62779.38,63256.0,0.05739296130933649,1.8105550000004769,0.05
2021-01-01 08:23:00,coinbase,bitfinex,62779.38,63256.0,0.05739296130933649,1.8105550000004769,0.05
2021-01-01 08:24:00,coinbase,bitfinex,62779.38,63256.0,0.05739296130933649,1.8105550000004769,0.05
2021-01-01 08:25:00,coinbase,bitfinex,62779.38,63256.0,0.05739296130933649,1.8105550000004769,0.05
2021-01-01 08:26:00,coinbase,bitfinex,62779.38,63256.0,0.05739296130933649,1.8105550000004769,0.05
2021-01-01 08:27:00,coinbase,bitfinex,62779.38,63256.0,0.05739296130933649,1.8105550000004769,0.05
2021-01-01 08:28:00,coinbase,bitfinex,62779.38,63256.0,0.05739296130933649,1.8105550000004769,0.05
2021-01-01 08:29:00,coinbase,bitfinex,62779.38,63256.0,0.05739296130933649,1.8105550000004769,0.05
2021-01-01 08:30:00,coinbase,bitfinex,62779.38,63256.0,0.05739296130933649,1.8105550000004769,0.05
2021-01-01 08:31:00,coinbase,bitfinex,62779.38,63256.0,0.05739296130933649,1.8105550000004769,0.05
2021-01-01 08:32:00,coinbase,bitfinex,62779.38,63256.0,0.05739296130933843,1.7929528872577976,0.04951390284352768
